GardinerSignCode	UnicodeHex
A1	13000
A2	13001
A3	13002
A4	13003
A5	13004
A5A	13005
A6	13006
A6A	13007
A6B	13008
A7	13009
A8	1300A
A9	1300B
A10	1300C
A11	1300D
A12	1300E
A13	1300F
A14	13010
A14A	13011
A15	13012
A16	13013
A17	13014
A17A	13015
A18	13016
A19	13017
A20	13018
A21	13019
A22	1301A
A23	1301B
A24	1301C
A25	1301D
A26	1301E
A27	1301F
A28	13020
A29	13021
A30	13022
A31	13023
A32	13024
A32A	13025
A33	13026
A34	13027
A35	13028
A36	13029
A37	1302A
A38	1302B
A39	1302C
A40	1302D
A40A	1302E
A41	1302F
A42	13030
A42A	13031
A43	13032
A43A	13033
A44	13034
A45	13035
A45A	13036
A46	13037
A47	13038
A48	13039
A49	1303A
A50	1303B
A51	1303C
A52	1303D
A53	1303E
A54	1303F
A55	13040
A56	13041
A57	13042
A58	13043
A59	13044
A60	13045
A61	13046
A62	13047
A63	13048
A64	13049
A65	1304A
A66	1304B
A67	1304C
A68	1304D
A69	1304E
A70	1304F
B1	13050
B2	13051
B3	13052
B4	13053
B5	13054
B5A	13055
B6	13056
B7	13057
B8	13058
B9	13059
C1	1305A
C2	1305B
C2A	1305C
C2B	1305D
C2C	1305E
C3	1305F
C4	13060
C5	13061
C6	13062
C7	13063
C8	13064
C9	13065
C10	13066
C10A	13067
C11	13068
C12	13069
C13	1306A
C14	1306B
C15	1306C
C16	1306D
C17	1306E
C18	1306F
C19	13070
C20	13071
C21	13072
C22	13073
C23	13074
C24	13075
D1	13076
D2	13077
D3	13078
D4	13079
D5	1307A
D6	1307B
D7	1307C
D8	1307D
D8A	1307E
D9	1307F
D10	13080
D11	13081
D12	13082
D13	13083
D14	13084
D15	13085
D16	13086
D17	13087
D18	13088
D19	13089
D20	1308A
D21	1308B
D22	1308C
D23	1308D
D24	1308E
D25	1308F
D26	13090
D27	13091
D27A	13092
D28	13093
D29	13094
D30	13095
D31	13096
D31A	13097
D32	13098
D33	13099
D34	1309A
D34A	1309B
D35	1309C
D36	1309D
D37	1309E
D38	1309F
D39	130A0
D40	130A1
D41	130A2
D42	130A3
D43	130A4
D44	130A5
D45	130A6
D46	130A7
D46A	130A8
D47	130A9
D48	130AA
D48A	130AB
D49	130AC
D50	130AD
D50A	130AE
D50B	130AF
D50C	130B0
D50D	130B1
D50E	130B2
D50F	130B3
D50G	130B4
D50H	130B5
D50I	130B6
D51	130B7
D52	130B8
D52A	130B9
D53	130BA
D54	130BB
D54A	130BC
D55	130BD
D56	130BE
D57	130BF
D58	130C0
D59	130C1
D60	130C2
D61	130C3
D62	130C4
D63	130C5
D64	130C6
D65	130C7
D66	130C8
D67	130C9
D67A	130CA
D67B	130CB
D67C	130CC
D67D	130CD
D67E	130CE
D67F	130CF
D67G	130D0
D67H	130D1
E1	130D2
E2	130D3
E3	130D4
E4	130D5
E5	130D6
E6	130D7
E7	130D8
E8	130D9
E8A	130DA
E9	130DB
E9A	130DC
E10	130DD
E11	130DE
E12	130DF
E13	130E0
E14	130E1
E15	130E2
E16	130E3
E16A	130E4
E17	130E5
E17A	130E6
E18	130E7
E19	130E8
E20	130E9
E20A	130EA
E21	130EB
E22	130EC
E23	130ED
E24	130EE
E25	130EF
E26	130F0
E27	130F1
E28	130F2
E28A	130F3
E29	130F4
E30	130F5
E31	130F6
E32	130F7
E33	130F8
E34	130F9
E34A	130FA
E36	130FB
E37	130FC
E38	130FD
F1	130FE
F1A	130FF
F2	13100
F3	13101
F4	13102
F5	13103
F6	13104
F7	13105
F8	13106
F9	13107
F10	13108
F11	13109
F12	1310A
F13	1310B
F13A	1310C
F14	1310D
F15	1310E
F16	1310F
F17	13110
F18	13111
F19	13112
F20	13113
F21	13114
F21A	13115
F22	13116
F23	13117
F24	13118
F25	13119
F26	1311A
F27	1311B
F28	1311C
F29	1311D
F30	1311E
F31	1311F
F31A	13120
F32	13121
F33	13122
F34	13123
F35	13124
F36	13125
F37	13126
F37A	13127
F38	13128
F38A	13129
F39	1312A
F40	1312B
F41	1312C
F42	1312D
F43	1312E
F44	1312F
F45	13130
F45A	13131
F46	13132
F46A	13133
F47	13134
F47A	13135
F48	13136
F49	13137
F50	13138
F51	13139
F51A	1313A
F51B	1313B
F51C	1313C
F52	1313D
F53	1313E
G1	1313F
G2	13140
G3	13141
G4	13142
G5	13143
G6	13144
G6A	13145
G7	13146
G7A	13147
G7B	13148
G8	13149
G9	1314A
G10	1314B
G11	1314C
G11A	1314D
G12	1314E
G13	1314F
G14	13150
G15	13151
G16	13152
G17	13153
G18	13154
G19	13155
G20	13156
G20A	13157
G21	13158
G22	13159
G23	1315A
G24	1315B
G25	1315C
G26	1315D
G26A	1315E
G27	1315F
G28	13160
G29	13161
G30	13162
G31	13163
G32	13164
G33	13165
G34	13166
G35	13167
G36	13168
G36A	13169
G37	1316A
G37A	1316B
G38	1316C
G39	1316D
G40	1316E
G41	1316F
G42	13170
G43	13171
G43A	13172
G44	13173
G45	13174
G45A	13175
G46	13176
G47	13177
G48	13178
G49	13179
G50	1317A
G51	1317B
G52	1317C
G53	1317D
G54	1317E
H1	1317F
H2	13180
H3	13181
H4	13182
H5	13183
H6	13184
H6A	13185
H7	13186
H8	13187
I1	13188
I2	13189
I3	1318A
I4	1318B
I5	1318C
I5A	1318D
I6	1318E
I7	1318F
I8	13190
I9	13191
I9A	13192
I10	13193
I10A	13194
I11	13195
I11A	13196
I12	13197
I13	13198
I14	13199
I15	1319A
K1	1319B
K2	1319C
K3	1319D
K4	1319E
K5	1319F
K6	131A0
K7	131A1
K8	131A2
L1	131A3
L2	131A4
L2A	131A5
L3	131A6
L4	131A7
L5	131A8
L6	131A9
L6A	131AA
L7	131AB
L8	131AC
M1	131AD
M1A	131AE
M1B	131AF
M2	131B0
M3	131B1
M3A	131B2
M4	131B3
M5	131B4
M6	131B5
M7	131B6
M8	131B7
M9	131B8
M10	131B9
M10A	131BA
M11	131BB
M12	131BC
M12A	131BD
M12B	131BE
M12C	131BF
M12D	131C0
M12E	131C1
M12F	131C2
M12G	131C3
M12H	131C4
M13	131C5
M14	131C6
M15	131C7
M15A	131C8
M16	131C9
M16A	131CA
M17	131CB
M17A	131CC
M18	131CD
M19	131CE
M20	131CF
M21	131D0
M22	131D1
M22A	131D2
M23	131D3
M24	131D4
M24A	131D5
M25	131D6
M26	131D7
M27	131D8
M28	131D9
M28A	131DA
M29	131DB
M30	131DC
M31	131DD
M31A	131DE
M32	131DF
M33	131E0
M33A	131E1
M33B	131E2
M34	131E3
M35	131E4
M36	131E5
M37	131E6
M38	131E7
M39	131E8
M40	131E9
M40A	131EA
M41	131EB
M42	131EC
M43	131ED
M44	131EE
N1	131EF
N2	131F0
N3	131F1
N4	131F2
N5	131F3
N6	131F4
N7	131F5
N8	131F6
N9	131F7
N10	131F8
N11	131F9
N12	131FA
N13	131FB
N14	131FC
N15	131FD
N16	131FE
N17	131FF
N18	13200
N18A	13201
N18B	13202
N19	13203
N20	13204
N21	13205
N22	13206
N23	13207
N24	13208
N25	13209
N25A	1320A
N26	1320B
N27	1320C
N28	1320D
N29	1320E
N30	1320F
N31	13210
N32	13211
N33	13212
N33A	13213
N34	13214
N34A	13215
N35	13216
N35A	13217
N36	13218
N37	13219
N37A	1321A
N38	1321B
N39	1321C
N40	1321D
N41	1321E
N42	1321F
NL1	13220
NL2	13221
NL3	13222
NL4	13223
NL5	13224
NL5A	13225
NL6	13226
NL7	13227
NL8	13228
NL9	13229
NL10	1322A
NL11	1322B
NL12	1322C
NL13	1322D
NL14	1322E
NL15	1322F
NL16	13230
NL17	13231
NL17A	13232
NL18	13233
NL19	13234
NL20	13235
NU1	13236
NU2	13237
NU3	13238
NU4	13239
NU5	1323A
NU6	1323B
NU7	1323C
NU8	1323D
NU9	1323E
NU10	1323F
NU10A	13240
NU11	13241
NU11A	13242
NU12	13243
NU13	13244
NU14	13245
NU15	13246
NU16	13247
NU17	13248
NU18	13249
NU18A	1324A
NU19	1324B
NU20	1324C
NU21	1324D
NU22	1324E
NU22A	1324F
O1	13250
O1A	13251
O2	13252
O3	13253
O4	13254
O5	13255
O5A	13256
O6	13257
O6A	13258
O6B	13259
O6C	1325A
O6D	1325B
O6E	1325C
O6F	1325D
O7	1325E
O8	1325F
O9	13260
O10	13261
O10A	13262
O10B	13263
O10C	13264
O11	13265
O12	13266
O13	13267
O14	13268
O15	13269
O16	1326A
O17	1326B
O18	1326C
O19	1326D
O19A	1326E
O20	1326F
O20A	13270
O21	13271
O22	13272
O23	13273
O24	13274
O24A	13275
O25	13276
O25A	13277
O26	13278
O27	13279
O28	1327A
O29	1327B
O29A	1327C
O30	1327D
O30A	1327E
O31	1327F
O32	13280
O33	13281
O33A	13282
O34	13283
O35	13284
O36	13285
O36A	13286
O36B	13287
O36C	13288
O36D	13289
O37	1328A
O38	1328B
O39	1328C
O40	1328D
O41	1328E
O42	1328F
O43	13290
O44	13291
O45	13292
O46	13293
O47	13294
O48	13295
O49	13296
O50	13297
O50A	13298
O50B	13299
O51	1329A
P1	1329B
P1A	1329C
P2	1329D
P3	1329E
P3A	1329F
P4	132A0
P5	132A1
P6	132A2
P7	132A3
P8	132A4
P9	132A5
P10	132A6
P11	132A7
Q1	132A8
Q2	132A9
Q3	132AA
Q4	132AB
Q5	132AC
Q6	132AD
Q7	132AE
R1	132AF
R2	132B0
R2A	132B1
R3	132B2
R3A	132B3
R3B	132B4
R4	132B5
R5	132B6
R6	132B7
R7	132B8
R8	132B9
R9	132BA
R10	132BB
R10A	132BC
R11	132BD
R12	132BE
R13	132BF
R14	132C0
R15	132C1
R16	132C2
R16A	132C3
R17	132C4
R18	132C5
R19	132C6
R20	132C7
R21	132C8
R22	132C9
R23	132CA
R24	132CB
R25	132CC
R26	132CD
R27	132CE
R28	132CF
R29	132D0
S1	132D1
S2	132D2
S2A	132D3
S3	132D4
S4	132D5
S5	132D6
S6	132D7
S6A	132D8
S7	132D9
S8	132DA
S9	132DB
S10	132DC
S11	132DD
S12	132DE
S13	132DF
S14	132E0
S14A	132E1
S14B	132E2
S15	132E3
S16	132E4
S17	132E5
S17A	132E6
S18	132E7
S19	132E8
S20	132E9
S21	132EA
S22	132EB
S23	132EC
S24	132ED
S25	132EE
S26	132EF
S26A	132F0
S26B	132F1
S27	132F2
S28	132F3
S29	132F4
S30	132F5
S31	132F6
S32	132F7
S33	132F8
S34	132F9
S35	132FA
S35A	132FB
S36	132FC
S37	132FD
S38	132FE
S39	132FF
S40	13300
S41	13301
S42	13302
S43	13303
S44	13304
S45	13305
S46	13306
T1	13307
T2	13308
T3	13309
T3A	1330A
T4	1330B
T5	1330C
T6	1330D
T7	1330E
T7A	1330F
T8	13310
T8A	13311
T9	13312
T9A	13313
T10	13314
T11	13315
T11A	13316
T12	13317
T13	13318
T14	13319
T15	1331A
T16	1331B
T16A	1331C
T17	1331D
T18	1331E
T19	1331F
T20	13320
T21	13321
T22	13322
T23	13323
T24	13324
T25	13325
T26	13326
T27	13327
T28	13328
T29	13329
T30	1332A
T31	1332B
T32	1332C
T32A	1332D
T33	1332E
T33A	1332F
T34	13330
T35	13331
T36	13332
U1	13333
U2	13334
U3	13335
U4	13336
U5	13337
U6	13338
U6A	13339
U6B	1333A
U7	1333B
U8	1333C
U9	1333D
U10	1333E
U11	1333F
U12	13340
U13	13341
U14	13342
U15	13343
U16	13344
U17	13345
U18	13346
U19	13347
U20	13348
U21	13349
U22	1334A
U23	1334B
U23A	1334C
U24	1334D
U25	1334E
U26	1334F
U27	13350
U28	13351
U29	13352
U29A	13353
U30	13354
U31	13355
U32	13356
U32A	13357
U33	13358
U34	13359
U35	1335A
U36	1335B
U37	1335C
U38	1335D
U39	1335E
U40	1335F
U41	13360
U42	13361
V1	13362
V1A	13363
V1B	13364
V1C	13365
V1D	13366
V1E	13367
V1F	13368
V1G	13369
V1H	1336A
V1I	1336B
V2	1336C
V2A	1336D
V3	1336E
V4	1336F
V5	13370
V6	13371
V7	13372
V7A	13373
V7B	13374
V8	13375
V9	13376
V10	13377
V11	13378
V11A	13379
V11B	1337A
V11C	1337B
V12	1337C
V12A	1337D
V12B	1337E
V13	1337F
V14	13380
V15	13381
V16	13382
V17	13383
V18	13384
V19	13385
V20	13386
V20A	13387
V20B	13388
V20C	13389
V20D	1338A
V20E	1338B
V20F	1338C
V20G	1338D
V20H	1338E
V20I	1338F
V20J	13390
V20K	13391
V20L	13392
V21	13393
V22	13394
V23	13395
V23A	13396
V24	13397
V25	13398
V26	13399
V27	1339A
V28	1339B
V28A	1339C
V29	1339D
V29A	1339E
V30	1339F
V30A	133A0
V31	133A1
V31A	133A2
V32	133A3
V33	133A4
V33A	133A5
V34	133A6
V35	133A7
V36	133A8
V37	133A9
V37A	133AA
V38	133AB
V39	133AC
V40	133AD
V40A	133AE
W1	133AF
W2	133B0
W3	133B1
W3A	133B2
W4	133B3
W5	133B4
W6	133B5
W7	133B6
W8	133B7
W9	133B8
W9A	133B9
W10	133BA
W10A	133BB
W11	133BC
W12	133BD
W13	133BE
W14	133BF
W14A	133C0
W15	133C1
W16	133C2
W17	133C3
W17A	133C4
W18	133C5
W18A	133C6
W19	133C7
W20	133C8
W21	133C9
W22	133CA
W23	133CB
W24	133CC
W24A	133CD
W25	133CE
X1	133CF
X2	133D0
X3	133D1
X4	133D2
X4A	133D3
X4B	133D4
X5	133D5
X6	133D6
X6A	133D7
X7	133D8
X8	133D9
X8A	133DA
Y1	133DB
Y1A	133DC
Y2	133DD
Y3	133DE
Y4	133DF
Y5	133E0
Y6	133E1
Y7	133E2
Y8	133E3
Z1	133E4
Z2	133E5
Z2A	133E6
Z2B	133E7
Z2C	133E8
Z2D	133E9
Z3	133EA
Z3A	133EB
Z3B	133EC
Z4	133ED
Z4A	133EE
Z5	133EF
Z5A	133F0
Z6	133F1
Z7	133F2
Z8	133F3
Z9	133F4
Z10	133F5
Z11	133F6
Z12	133F7
Z13	133F8
Z14	133F9
Z15	133FA
Z15A	133FB
Z15B	133FC
Z15C	133FD
Z15D	133FE
Z15E	133FF
Z15F	13400
Z15G	13401
Z15H	13402
Z15I	13403
Z16	13404
Z16A	13405
Z16B	13406
Z16C	13407
Z16D	13408
Z16E	13409
Z16F	1340A
Z16G	1340B
Z16H	1340C
Aa1	1340D
Aa2	1340E
Aa3	1340F
Aa4	13410
Aa5	13411
Aa6	13412
Aa7	13413
Aa7A	13414
Aa7B	13415
Aa8	13416
Aa9	13417
Aa10	13418
Aa11	13419
Aa12	1341A
Aa13	1341B
Aa14	1341C
Aa15	1341D
Aa16	1341E
Aa17	1341F
Aa18	13420
Aa19	13421
Aa20	13422
Aa21	13423
Aa22	13424
Aa23	13425
Aa24	13426
Aa25	13427
Aa26	13428
Aa27	13429
Aa28	1342A
Aa29	1342B
Aa30	1342C
Aa31	1342D
Aa32	1342E